{
  "model_id": "Qwen/Qwen2.5-1.5B-Instruct",
  "uses_polymarket_probability": false,
  "calibration_method": "platt",
  "calibration_source": "heldout_calibration_split",
  "train_rows_full": 14340,
  "train_rows_fit": 12189,
  "calibration_rows": 2151,
  "valid_rows": 2000,
  "test_rows": 2000,
  "max_length": 896,
  "epochs": 3,
  "learning_rate": 0.00015,
  "pos_weight": 4.622232472324724,
  "class_weighting_enabled": true,
  "train_metrics": {
    "rows": 14340,
    "positive_rate": 0.1778940027894003,
    "brier_raw": 0.13551225747233872,
    "auc_raw": 0.8752695998325982,
    "brier_calibrated": 0.0982041251984234,
    "auc_calibrated": 0.8752695998325982,
    "prediction_mean_raw": 0.3570432636235045,
    "prediction_mean_calibrated": 0.18320461910606406,
    "prediction_std_raw": 0.2814507091828803,
    "prediction_std_calibrated": 0.15791027317996106,
    "unique_probs_raw": 6762,
    "unique_probs_calibrated": 6762
  },
  "valid_metrics": {
    "rows": 2000,
    "positive_rate": 0.168,
    "brier_raw": 0.1743842583989272,
    "auc_raw": 0.7457405062385531,
    "brier_calibrated": 0.12301345655528372,
    "auc_calibrated": 0.7457405062385531,
    "prediction_mean_raw": 0.35549029739285765,
    "prediction_mean_calibrated": 0.17425626622736684,
    "prediction_std_raw": 0.25160814197938874,
    "prediction_std_calibrated": 0.12992971830656153,
    "unique_probs_raw": 1700,
    "unique_probs_calibrated": 1700
  },
  "test_metrics": {
    "rows": 2000,
    "positive_rate": 0.2175,
    "brier_raw": 0.18006029267230456,
    "auc_raw": 0.7764364143806691,
    "brier_calibrated": 0.14160876048315604,
    "auc_calibrated": 0.7764364143806691,
    "prediction_mean_raw": 0.38218012486624614,
    "prediction_mean_calibrated": 0.1928522755363105,
    "prediction_std_raw": 0.2804529737503832,
    "prediction_std_calibrated": 0.1530077391733303,
    "unique_probs_raw": 1711,
    "unique_probs_calibrated": 1711
  },
  "calibration_metrics": {
    "rows": 2151,
    "positive_rate": 0.17805671780567178,
    "brier_raw": 0.17818904865457094,
    "auc_raw": 0.7474805949694601,
    "brier_calibrated": 0.12581434039428757,
    "auc_calibrated": 0.7474805949694601,
    "prediction_mean_raw": 0.35767399698564795,
    "prediction_mean_calibrated": 0.17804884908328283,
    "prediction_std_raw": 0.26938871631641437,
    "prediction_std_calibrated": 0.14125399271896077,
    "unique_probs_raw": 1841,
    "unique_probs_calibrated": 1841
  }
}